Time,X,Y,Z,Vx,Vy,Vz
0,1,0.3,1,1.13101589679718,0.034910012036562,-0.0606850422918797
0.1,1.11310158967972,0.303491001203656,0.993931495770812,1.13363897800446,0.0364974476397038,-0.059258446097374
0.2,1.22646548748016,0.307140745967627,0.988005651161075,1.13667368888855,0.038116741925478,-0.0581741034984589
0.3,1.34013285636902,0.310952420160174,0.982188240811229,1.13982748985291,0.0398382693529129,-0.0572144165635109
0.4,1.45411560535431,0.314936247095466,0.976466799154878,1.14314877986908,0.0417444929480553,-0.0563429966568947
0.5,1.56843048334122,0.319110696390271,0.970832499489188,1.14647245407104,0.0435706414282322,-0.0554246455430984
0.6,1.68307772874832,0.323467760533094,0.965290034934878,1.14941382408142,0.0456152893602848,-0.0545097924768925
0.7,1.79801911115646,0.328029289469123,0.959839055687189,1.15216469764709,0.0477221086621284,-0.0533674545586109
0.8,1.91323558092117,0.332801500335336,0.954502310231328,1.1543470621109,0.0499944612383842,-0.0518444068729877
0.9,2.02867028713226,0.337800946459174,0.949317869544029,1.15603601932526,0.0522688366472721,-0.0494365729391575
1,2.14427388906479,0.343027830123901,0.944374212250114,1.15717256069183,0.0546377599239349,-0.0466465540230274
1.1,2.25999114513397,0.348491606116295,0.939709556847811,1.15799486637115,0.0570123828947544,-0.0429130643606186
1.2,2.37579063177109,0.35419284440577,0.935418250411749,1.15842592716217,0.0593124441802502,-0.0382482260465622
1.3,2.4916332244873,0.360124088823795,0.931593427807093,1.15863716602325,0.0613251626491547,-0.0327871441841125
1.4,2.60749694108963,0.366256605088711,0.928314713388681,1.15865516662598,0.0629948675632477,-0.0264988709241152
1.5,2.72336245775223,0.372556091845036,0.92566482629627,1.15847086906433,0.064448781311512,-0.0197686217725277
1.6,2.83920954465866,0.379000969976187,0.923687964119017,1.1579784154892,0.0653783604502678,-0.0131158316507936
1.7,2.95500738620758,0.385538806021213,0.922376380953938,1.15721452236176,0.0657186955213547,-0.0058994316495955
1.8,3.07072883844376,0.392110675573349,0.921786437788978,1.15632390975952,0.0653400272130966,0.00151387543883175
1.9,3.18636122941971,0.398644678294659,0.921937825332861,1.15523970127106,0.0643096640706062,0.00868645589798689
2,3.30188519954681,0.405075644701719,0.92280647092266,1.15428364276886,0.0623654164373875,0.0160016231238842
2.1,3.4173135638237,0.411312186345458,0.924406633235049,1.15321731567383,0.0591769218444824,0.0233188290148973
2.2,3.53263529539108,0.417229878529906,0.926738516136538,1.15229749679565,0.0548144727945328,0.0301422961056232
2.3,3.64786504507065,0.42271132580936,0.929752745747101,1.15154230594635,0.0496659204363823,0.0375022739171982
2.4,3.76301927566528,0.427677917852998,0.93350297313882,1.15147924423218,0.0436555482447147,0.0445832312107086
2.5,3.8781672000885,0.432043472677469,0.937961296259891,1.15348780155182,0.0382379442453384,0.0516040399670601
2.6,3.99351598024368,0.435867267102003,0.943121700256597,1.15787923336029,0.0348887108266354,0.0585905462503433
2.7,4.10930390357971,0.439356138184667,0.948980754881632,1.16395854949951,0.0349655412137508,0.0637986212968826
2.8,4.22569975852966,0.442852692306042,0.95536061701132,1.1724169254303,0.038935087621212,0.0680357068777084
2.9,4.34294145107269,0.446746201068163,0.962164187699091,1.18059277534485,0.046765860170126,0.071148693561554
3,4.46100072860718,0.451422787085176,0.969279057055246,1.18716585636139,0.0586851388216019,0.0740599855780602
3.1,4.57971731424332,0.457291300967336,0.976685055613052,1.18817031383514,0.074037030339241,0.0770315900444984
3.2,4.69853434562683,0.46469500400126,0.984388214617502,1.18044471740723,0.088559627532959,0.0801479667425156
3.3,4.81657881736755,0.473550966754556,0.992403011291753,1.16501820087433,0.0972591936588287,0.0837469696998596
3.4,4.93308063745499,0.483276886120439,1.00077770826174,1.1484979391098,0.0993885323405266,0.0873198583722115
3.5,5.04793043136597,0.493215739354491,1.00950969409896,1.13568508625031,0.0984280481934547,0.0884216353297234
3.6,5.161498939991,0.503058544173837,1.01835185763193,1.1270524263382,0.0988009348511696,0.0859687775373459
3.7,5.27420418262482,0.512938637658954,1.02694873538567,1.12199008464813,0.100620456039906,0.0774986445903778
3.8,5.38640319108963,0.523000683262944,1.03469859984471,1.11913347244263,0.10338244587183,0.0625860244035721
3.9,5.49831653833389,0.533338927850127,1.04095720228506,1.11714422702789,0.103983797132969,0.0430389232933521
4,5.61003096103668,0.543737307563424,1.0452610946144,1.11450326442719,0.101276375353336,0.0245435927063227
4.1,5.7214812874794,0.553864945098758,1.04771545388503,1.11200177669525,0.0950230434536934,0.00712877791374922
4.2,5.83268146514893,0.563367249444127,1.04842833167641,1.11030244827271,0.0885342136025429,-0.00642333598807454
4.3,5.9437117099762,0.572220670804382,1.0477859980776,1.10907089710236,0.0822284519672394,-0.0171361602842808
4.4,6.05461879968643,0.580443516001105,1.04607238204917,1.10858261585236,0.0765033438801765,-0.0265239514410496
4.5,6.16547706127167,0.588093850389123,1.04341998690506,1.10589849948883,0.0704499110579491,-0.0323281325399876
4.6,6.27606691122055,0.595138841494918,1.04018717365107,1.10415959358215,0.064656563103199,-0.0375562123954296
4.7,6.38648287057877,0.601604497805238,1.03643155241152,1.10094153881073,0.0551262460649014,-0.0420910902321339
4.8,6.49657702445984,0.607117122411728,1.03222244338831,1.09877836704254,0.0478364825248718,-0.0449896827340126
4.9,6.6064548611641,0.611900770664215,1.02772347511491,1.09682023525238,0.0409401170909405,-0.047722265124321
5,6.71613688468933,0.615994782373309,1.02295124860248,1.09484314918518,0.0331853590905666,-0.0499881878495216
5.1,6.82562119960785,0.619313318282366,1.01795242981752,1.09356689453125,0.0276579186320305,-0.0513583868741989
5.2,6.93497788906098,0.622079110145569,1.0128165911301,1.09242928028107,0.0236684940755367,-0.0523811690509319
5.3,7.04422081708908,0.624445959553123,1.00757847422501,1.09073066711426,0.0199625361710787,-0.0524230413138866
5.4,7.15329388380051,0.626442213170231,1.00233617009362,1.08844983577728,0.0163153540343046,-0.0513150505721569
5.5,7.26213886737824,0.628073748573661,0.997204665036406,1.0853887796402,0.0131422905251384,-0.0485829971730709
5.6,7.37067774534226,0.629387977626175,0.992346365319099,1.08154666423798,0.010494333691895,-0.0446515269577503
5.7,7.47883241176606,0.630437410995364,0.987881212623324,1.0769989490509,0.0072492933832109,-0.0397719964385033
5.8,7.58653230667115,0.631162340333686,0.983904012979474,1.07200598716736,0.00336205796338618,-0.0344728007912636
5.9,7.69373290538788,0.631498546130024,0.980456732900348,1.06667733192444,-0.000929173780605197,-0.0291101653128862
5.99999999999999,7.80040063858033,0.631405628751964,0.977545716369059,1.06133329868317,-0.00570158800110221,-0.0239555202424526
6.09999999999999,7.90653396844864,0.630835469951853,0.975150164344814,1.05622637271881,-0.0108450781553984,-0.0193830858916044
6.19999999999999,8.01215660572052,0.629750962136314,0.973211855755653,1.05150198936462,-0.0163101032376289,-0.0157223660498857
6.29999999999999,8.11730680465699,0.628119951812551,0.971639619150665,1.04764533042908,-0.0218279585242271,-0.0132152214646339
6.39999999999999,8.22207133769989,0.625937155960128,0.970318097004201,1.04593777656555,-0.0270714592188597,-0.0113571165129542
6.49999999999999,8.32666511535645,0.623230010038242,0.969182385352906,1.0445818901062,-0.0319753438234329,-0.010210626758635
6.59999999999999,8.43112330436707,0.620032475655899,0.968161322677042,1.04531955718994,-0.0372603684663773,-0.00927370507270098
6.69999999999999,8.53565526008606,0.616306438809261,0.967233952169772,1.04703509807587,-0.0412416011095047,-0.00794206280261278
6.79999999999999,8.64035876989365,0.612182278698311,0.966439745889511,1.04879224300385,-0.0450055599212646,-0.00784673541784286
6.89999999999999,8.74523799419403,0.607681722706184,0.965655072347727,1.05061411857605,-0.0489109829068184,-0.00804019998759031
6.99999999999999,8.85029940605164,0.602790624415502,0.964851052348968,1.05351710319519,-0.0521183460950851,-0.00860786810517311
7.09999999999999,8.95565111637116,0.597578789805994,0.96399026553845,1.05706810951233,-0.0549117363989353,-0.00949429254978895
7.19999999999999,9.06135792732239,0.5920876161661,0.963040836283471,1.06038272380829,-0.0568711943924427,-0.0109556196257472
7.29999999999999,9.16739619970322,0.586400496726856,0.961945274320897,1.06363189220428,-0.0576214194297791,-0.0124457897618413
7.39999999999999,9.27375938892365,0.580638354783878,0.960700695344713,1.06636214256287,-0.0568220317363739,-0.0143515430390835
7.49999999999999,9.38039560317993,0.574956151610241,0.959265541040804,1.06829810142517,-0.0546137876808643,-0.0160832554101944
7.59999999999999,9.48722541332245,0.569494772842154,0.957657215499785,1.06917881965637,-0.0511732362210751,-0.0174597017467022
7.69999999999999,9.59414329528809,0.564377449220047,0.955911245325115,1.06910276412964,-0.0469858311116695,-0.0182961281388998
7.79999999999999,9.70105357170105,0.55967886610888,0.954081632511225,1.0683981180191,-0.0428176037967205,-0.0182081200182438
7.89999999999999,9.80789338350296,0.555397105729208,0.9522608205094,1.06726002693176,-0.0392557084560394,-0.017145624384284
7.99999999999999,9.91461938619614,0.551471534883604,0.950546258070972,1.06587362289429,-0.0365396738052368,-0.0154435532167554
8.09999999999999,10.0212067484856,0.54781756750308,0.949001902749296,1.06458616256714,-0.0348404124379158,-0.0132871046662331
8.19999999999999,10.1276653647423,0.544333526259289,0.947673192282673,1.06334936618805,-0.0340866222977638,-0.0111241061240435
8.29999999999999,10.2340003013611,0.540924864029512,0.946560781670269,1.06223249435425,-0.0340026617050171,-0.00920194201171398
8.39999999999999,10.3402235507965,0.53752459785901,0.945640587469097,1.06139028072357,-0.0344595648348331,-0.00742325512692332
8.49999999999999,10.4463625788689,0.534078641375527,0.944898261956405,1.06075263023376,-0.0348746329545975,-0.0061349761672318
8.59999999999999,10.5524378418922,0.530591178080067,0.944284764339682,1.0604385137558,-0.0350148975849152,-0.00519418297335505
8.69999999999999,10.6584816932678,0.527089688321576,0.943765346042346,1.06050157546997,-0.0348341725766659,-0.00450040120631456
8.79999999999998,10.7645318508148,0.523606271063909,0.943315305921715,1.06093299388885,-0.0340390652418137,-0.00419597933068871
8.89999999999998,10.8706251502037,0.520202364539728,0.942895707988646,1.06170332431793,-0.0326272174715996,-0.0041640973649919
8.99999999999998,10.9767954826355,0.516939642792568,0.942479298252147,1.06270778179169,-0.0306065380573273,-0.00433231517672539
9.09999999999998,11.0830662608147,0.513878988986835,0.942046066734474,1.06388413906097,-0.0278349909931421,-0.00491599831730127
9.19999999999998,11.1894546747208,0.511095489887521,0.941554466902744,1.06515717506409,-0.024377403780818,-0.00605551712214947
9.29999999999998,11.2959703922272,0.508657749509439,0.940948915190529,1.06619167327881,-0.0204796120524406,-0.00784090999513865
9.39999999999998,11.4025895595551,0.506609788304195,0.940164824191015,1.06722187995911,-0.0163900814950466,-0.010658266954124
9.49999999999998,11.509311747551,0.504970780154691,0.939098997495603,1.06736731529236,-0.0128398770466447,-0.0138077205047011
9.59999999999998,11.6160484790802,0.503686792450026,0.937718225445133,1.06691813468933,-0.00965508259832859,-0.0175152998417616
9.69999999999998,11.7227402925491,0.502721284190193,0.935966695460957,1.06582581996918,-0.00723776919767261,-0.0209912210702896
9.79999999999998,11.8293228745461,0.501997507270426,0.933867573353928,1.06437146663666,-0.00569239119067788,-0.0236792657524347
9.89999999999998,11.9357600212097,0.501428268151358,0.931499646778684,1.06288361549377,-0.00484798243269324,-0.0255571808665991
9.99999999999998,12.0420483827591,0.500943469908089,0.928943928692024,1.06157314777374,-0.00464304303750396,-0.0267112329602242
